symbol,timestamp,open,high,low,close,volume
MSFT,2025-12-02T05:00:00Z,486.715,493.4999,486.32,490.0,19562722
MSFT,2025-12-01T05:00:00Z,488.435,489.8599,484.6475,486.74,23963993
MSFT,2025-11-28T05:00:00Z,487.595,492.63,486.65,492.01,14386730
MSFT,2025-11-26T05:00:00Z,486.31,488.31,481.2,485.5,25709079
MSFT,2025-11-25T05:00:00Z,474.07,479.15,464.89,476.99,28019793
MSFT,2025-11-24T05:00:00Z,475.0,476.9,468.02,474.0,34421046
MSFT,2025-11-21T05:00:00Z,478.5,478.92,468.27,472.12,31769248
MSFT,2025-11-20T05:00:00Z,492.71,493.57,475.5,478.43,26802542
MSFT,2025-11-19T05:00:00Z,490.1,495.1872,482.83,487.12,23245314
MSFT,2025-11-18T05:00:00Z,495.365,502.98,486.78,493.79,33815114
MSFT,2025-11-17T05:00:00Z,508.45,512.12,504.91,507.49,19092752
MSFT,2025-11-14T05:00:00Z,498.23,511.6,497.44,510.18,28505746
MSFT,2025-11-13T05:00:00Z,510.31,513.5,501.29,503.29,25273114
MSFT,2025-11-12T05:00:00Z,509.355,511.67,499.1201,511.14,26574851
MSFT,2025-11-11T05:00:00Z,504.8,509.6,502.3488,508.68,17980020
MSFT,2025-11-10T05:00:00Z,500.035,506.85,498.8,506.0,26101480
MSFT,2025-11-07T05:00:00Z,496.945,499.377,493.25,496.82,24019764
MSFT,2025-11-06T05:00:00Z,505.66,505.7,495.81,497.1,27406496
MSFT,2025-11-05T05:00:00Z,513.3,514.83,506.575,507.16,22883851
MSFT,2025-11-04T05:00:00Z,511.76,515.55,507.84,514.33,20958663
MSFT,2025-11-03T05:00:00Z,519.805,524.96,514.59,517.03,22374742
MSFT,2025-10-31T04:00:00Z,528.875,529.32,515.1,517.81,34006424
MSFT,2025-10-30T04:00:00Z,530.48,534.97,522.12,525.76,41023088
MSFT,2025-10-29T04:00:00Z,544.94,546.27,536.7287,541.55,36023004
MSFT,2025-10-28T04:00:00Z,550.0,553.72,540.77,542.07,29986683
MSFT,2025-10-27T04:00:00Z,531.78,534.58,529.01,531.52,18734716
MSFT,2025-10-24T04:00:00Z,522.79,525.345,520.71,523.61,15532360
MSFT,2025-10-23T04:00:00Z,522.46,523.95,518.61,520.56,14023532
MSFT,2025-10-22T04:00:00Z,521.15,525.23,517.71,520.54,18962694
MSFT,2025-10-21T04:00:00Z,517.5,518.69,513.04,517.66,15586204
MSFT,2025-10-20T04:00:00Z,514.61,518.7,513.43,516.79,14665620
MSFT,2025-10-17T04:00:00Z,509.04,515.48,507.31,513.58,19867765
MSFT,2025-10-16T04:00:00Z,512.58,516.85,508.13,511.61,15559565
MSFT,2025-10-15T04:00:00Z,514.955,517.19,510.0,513.43,14694654
MSFT,2025-10-14T04:00:00Z,510.225,515.282,506.0,513.57,14684300
MSFT,2025-10-13T04:00:00Z,516.41,516.41,511.68,514.05,14284238
MSFT,2025-10-10T04:00:00Z,519.64,523.58,509.63,510.96,24133840
MSFT,2025-10-09T04:00:00Z,522.335,524.325,517.4,522.4,18343602
MSFT,2025-10-08T04:00:00Z,523.28,526.95,523.09,524.85,13363447
MSFT,2025-10-07T04:00:00Z,528.285,529.8,521.44,523.98,14615208
MSFT,2025-10-06T04:00:00Z,518.61,531.03,518.2,528.57,21388581
MSFT,2025-10-03T04:00:00Z,517.1,520.49,515.0,517.35,15112321
MSFT,2025-10-02T04:00:00Z,517.64,521.6,510.6791,515.74,21222886
MSFT,2025-10-01T04:00:00Z,514.8,520.505,511.69,519.71,22632336
MSFT,2025-09-30T04:00:00Z,513.24,518.16,509.66,517.95,19728229
MSFT,2025-09-29T04:00:00Z,511.5,516.845,508.88,514.6,17617775
MSFT,2025-09-26T04:00:00Z,510.06,513.94,506.62,511.46,16213129
MSFT,2025-09-25T04:00:00Z,508.3,510.01,505.04,507.03,15786468
MSFT,2025-09-24T04:00:00Z,510.38,512.48,506.92,510.15,13533711
MSFT,2025-09-23T04:00:00Z,513.8,514.5899,507.31,509.23,19799580
MSFT,2025-09-22T04:00:00Z,515.59,517.74,512.545,514.45,20009314
MSFT,2025-09-19T04:00:00Z,510.56,519.3,510.31,517.93,52474093
MSFT,2025-09-18T04:00:00Z,511.49,513.07,507.66,508.45,18913696
MSFT,2025-09-17T04:00:00Z,510.62,511.29,505.93,510.02,15816585
MSFT,2025-09-16T04:00:00Z,516.88,517.23,508.6,509.04,19711922
MSFT,2025-09-15T04:00:00Z,508.79,515.47,507.0,515.36,17143786
MSFT,2025-09-12T04:00:00Z,506.65,512.55,503.85,509.9,23624884
MSFT,2025-09-11T04:00:00Z,502.25,503.17,497.88,501.01,18881608
MSFT,2025-09-10T04:00:00Z,502.98,503.2299,496.72,500.37,21611816
MSFT,2025-09-09T04:00:00Z,501.43,502.25,497.7,498.41,14410542
MSFT,2025-09-08T04:00:00Z,498.105,501.195,495.03,498.2,16771015
MSFT,2025-09-05T04:00:00Z,509.07,511.97,492.37,495.0,31994846
MSFT,2025-09-04T04:00:00Z,504.3,508.15,503.15,507.97,15509486
MSFT,2025-09-03T04:00:00Z,503.79,507.79,502.32,505.35,15995154
MSFT,2025-09-02T04:00:00Z,500.465,506.0,496.81,505.12,18127995
MSFT,2025-08-29T04:00:00Z,508.66,509.6,504.4915,506.69,20961569
MSFT,2025-08-28T04:00:00Z,507.09,511.09,505.5,509.64,18015593
MSFT,2025-08-27T04:00:00Z,502.0,507.29,499.9,506.74,17277893
MSFT,2025-08-26T04:00:00Z,504.355,504.9778,498.51,502.04,30835709
MSFT,2025-08-25T04:00:00Z,506.63,508.19,504.12,504.26,21638579
MSFT,2025-08-22T04:00:00Z,504.25,510.73,502.41,507.23,24324161
MSFT,2025-08-21T04:00:00Z,503.69,507.63,502.7201,504.24,18443254
MSFT,2025-08-20T04:00:00Z,509.865,511.0,504.44,505.72,27723025
MSFT,2025-08-19T04:00:00Z,515.0,515.1641,508.55,509.77,21481016
MSFT,2025-08-18T04:00:00Z,521.585,522.82,514.02,517.1,23760583
MSFT,2025-08-15T04:00:00Z,522.77,526.1,519.08,520.17,25213272
MSFT,2025-08-14T04:00:00Z,522.56,525.9499,520.14,522.48,20269074
MSFT,2025-08-13T04:00:00Z,532.11,532.7,519.37,520.58,19619160
MSFT,2025-08-12T04:00:00Z,523.75,530.98,522.7,529.24,18688921
MSFT,2025-08-11T04:00:00Z,522.3,527.59,519.72,521.77,20194372
MSFT,2025-08-08T04:00:00Z,522.6,524.66,519.41,522.04,15531009
MSFT,2025-08-07T04:00:00Z,526.8,528.09,517.5511,520.84,16079144
MSFT,2025-08-06T04:00:00Z,530.9,531.7,524.03,524.94,21355702
MSFT,2025-08-05T04:00:00Z,537.18,537.3,527.24,527.75,19171569
MSFT,2025-08-04T04:00:00Z,528.27,538.25,528.13,535.64,25349004
MSFT,2025-08-01T04:00:00Z,535.0,535.8,520.86,524.11,28977628
MSFT,2025-07-31T04:00:00Z,555.225,555.45,531.9,533.5,51617326
MSFT,2025-07-30T04:00:00Z,515.17,515.95,509.435,513.24,26380434
MSFT,2025-07-29T04:00:00Z,515.53,517.62,511.56,512.57,16469235
MSFT,2025-07-28T04:00:00Z,514.08,515.0,510.12,512.5,14308027
MSFT,2025-07-25T04:00:00Z,512.465,518.29,510.3592,513.71,19125699
MSFT,2025-07-24T04:00:00Z,508.77,513.67,507.3,510.88,16107000
MSFT,2025-07-23T04:00:00Z,506.75,506.79,500.7,505.87,16396585
MSFT,2025-07-22T04:00:00Z,510.97,511.2,505.27,505.27,13868644
MSFT,2025-07-21T04:00:00Z,506.705,512.09,505.55,510.06,14066805
MSFT,2025-07-18T04:00:00Z,514.48,514.64,507.43,510.05,21209666
MSFT,2025-07-17T04:00:00Z,505.68,513.37,505.62,511.7,17503129
MSFT,2025-07-16T04:00:00Z,505.18,506.72,501.89,505.62,15154374
MSFT,2025-07-15T04:00:00Z,503.02,508.3,502.79,505.82,14927202
MSFT,2025-07-14T04:00:00Z,501.515,503.97,501.03,503.02,12058848
